{"name":"0bf3d867-3c07-4b17-a8d0-2313b68b77bf","id":"/providers/Microsoft.Flow/flows/0bf3d867-3c07-4b17-a8d0-2313b68b77bf","type":"Microsoft.Flow/flows","properties":{"apiId":"/providers/Microsoft.PowerApps/apis/shared_logicflows","displayName":"App_1_SPO_Upload","definition":{"metadata":{"workflowEntityId":null,"creator":{"id":"ee8e1f6e-281d-4203-b58b-a5fed968b9cd","type":"User","tenantId":"138af650-5d05-4cc8-b15f-c3d7388c9d3d"},"provisioningMethod":"FromDefinition","failureAlertSubscription":true,"clientLastModifiedTime":"2019-11-15T08:06:25.7795411Z"},"$schema":"https://schema.management.azure.com/providers/Microsoft.Logic/schemas/2016-06-01/workflowdefinition.json#","contentVersion":"1.0.0.0","parameters":{"$connections":{"defaultValue":{},"type":"Object"},"$authentication":{"defaultValue":{},"type":"SecureObject"}},"triggers":{"manual":{"type":"Request","kind":"Button","inputs":{"schema":{"type":"object","properties":{"file":{"title":"File Content","type":"object","x-ms-dynamically-added":true,"description":"Please select file or image","x-ms-content-hint":"FILE","properties":{"name":{"type":"string"},"contentBytes":{"type":"string","format":"byte"}}},"boolean":{"title":"Political Photo","type":"boolean","x-ms-dynamically-added":true,"description":"Please select yes or no","x-ms-content-hint":"BOOLEAN"},"number":{"title":"Photo Code","type":"number","x-ms-dynamically-added":true,"description":"Please enter a number","x-ms-content-hint":"NUMBER"}},"required":["boolean","number"]}}}},"actions":{"Create_file":{"runAfter":{},"metadata":{"flowSystemMetadata":{"swaggerOperationId":"CreateFile"}},"type":"ApiConnection","inputs":{"host":{"api":{"runtimeUrl":"https://india-001.azure-apim.net/apim/sharepointonline"},"connection":{"name":"@json(decodeBase64(triggerOutputs().headers['X-MS-APIM-Tokens']))['$connections']['shared_sharepointonline']['connectionId']"}},"method":"post","body":"@base64ToBinary(triggerBody()['file']['contentBytes'])","path":"/datasets/@{encodeURIComponent(encodeURIComponent('https://windowstechpro365.sharepoint.com/sites/PhotoReviewSite'))}/files","queries":{"folderPath":"/App_1","name":"@{triggerOutputs()['headers']['x-ms-user-timestamp']}.jpg"},"authentication":{"type":"Raw","value":"@json(decodeBase64(triggerOutputs().headers['X-MS-APIM-Tokens']))['$ConnectionKey']"}}},"Get_file_properties":{"runAfter":{"Create_file":["Succeeded"]},"metadata":{"flowSystemMetadata":{"swaggerOperationId":"GetFileItem"}},"type":"ApiConnection","inputs":{"host":{"connection":{"name":"@json(decodeBase64(triggerOutputs().headers['X-MS-APIM-Tokens']))['$connections']['shared_sharepointonline']['connectionId']"},"api":{"runtimeUrl":"https://india-001.azure-apim.net/apim/sharepointonline"}},"method":"get","path":"/datasets/@{encodeURIComponent(encodeURIComponent('https://windowstechpro365.sharepoint.com/sites/PhotoReviewSite'))}/tables/@{encodeURIComponent(encodeURIComponent('ed282a99-fb41-4817-9998-371a2ffe5745'))}/items/@{encodeURIComponent(body('Create_file')?['ItemId'])}/getfileitem","authentication":{"type":"Raw","value":"@json(decodeBase64(triggerOutputs().headers['X-MS-APIM-Tokens']))['$ConnectionKey']"}}},"Update_file_properties":{"runAfter":{"Get_file_properties":["Succeeded"]},"metadata":{"flowSystemMetadata":{"swaggerOperationId":"PatchFileItem"}},"type":"ApiConnection","inputs":{"host":{"connection":{"name":"@json(decodeBase64(triggerOutputs().headers['X-MS-APIM-Tokens']))['$connections']['shared_sharepointonline']['connectionId']"},"api":{"runtimeUrl":"https://india-001.azure-apim.net/apim/sharepointonline"}},"method":"patch","body":{"PoliticalPhoto":"@triggerBody()['boolean']","PhotoCode":"@triggerBody()['number']"},"path":"/datasets/@{encodeURIComponent(encodeURIComponent('https://windowstechpro365.sharepoint.com/sites/PhotoReviewSite'))}/tables/@{encodeURIComponent(encodeURIComponent('ed282a99-fb41-4817-9998-371a2ffe5745'))}/items/@{encodeURIComponent(body('Create_file')?['ItemId'])}/patchfileitem","authentication":{"type":"Raw","value":"@json(decodeBase64(triggerOutputs().headers['X-MS-APIM-Tokens']))['$ConnectionKey']"}}}},"outputs":{},"description":"Use this button to easily upload images to a SharePoint folder, directly from your mobile device. How many times have you and your team attended an event and wanted to upload photos to a shared folder? Now you can do this easily—just use this template to create a button, then share it with your team."},"connectionReferences":{"shared_sharepointonline":{"connectionName":"40223bb7ae194704957e36582cca70e2","source":"Invoker","id":"/providers/Microsoft.PowerApps/apis/shared_sharepointonline","tier":"NotSpecified"}},"flowFailureAlertSubscribed":false}}