{"name":"cca6d5e5-4b73-481e-864f-be4c1bf3da94","id":"/providers/Microsoft.Flow/flows/cca6d5e5-4b73-481e-864f-be4c1bf3da94","type":"Microsoft.Flow/flows","properties":{"apiId":"/providers/Microsoft.PowerApps/apis/shared_logicflows","displayName":"App_1_TEAMs_New","definition":{"metadata":{"workflowEntityId":null,"creator":{"id":"ee8e1f6e-281d-4203-b58b-a5fed968b9cd","type":"User","tenantId":"138af650-5d05-4cc8-b15f-c3d7388c9d3d"},"provisioningMethod":"FromDefinition","failureAlertSubscription":true,"clientLastModifiedTime":"2019-11-15T09:46:45.094108Z"},"$schema":"https://schema.management.azure.com/providers/Microsoft.Logic/schemas/2016-06-01/workflowdefinition.json#","contentVersion":"1.0.0.0","parameters":{"$connections":{"defaultValue":{},"type":"Object"},"$authentication":{"defaultValue":{},"type":"SecureObject"}},"triggers":{"manual":{"type":"Request","kind":"PowerApp","inputs":{"schema":{"type":"object","properties":{"Createachannel_DisplayName":{"type":"string","description":"Name of the channel.","x-ms-powerflows-param-ispartial":false}},"required":["Createachannel_DisplayName"]}}}},"actions":{"Create_a_channel":{"runAfter":{},"metadata":{"flowSystemMetadata":{"swaggerOperationId":"CreateChannel"}},"type":"ApiConnection","inputs":{"host":{"connection":{"name":"@json(decodeBase64(triggerOutputs().headers['X-MS-APIM-Tokens']))['$connections']['shared_teams']['connectionId']"},"api":{"runtimeUrl":"https://india-001.azure-apim.net/apim/teams"}},"method":"post","body":{"displayName":"@triggerBody()['Createachannel_DisplayName']"},"path":"/beta/groups/@{encodeURIComponent('547b6564-c006-4214-b48a-58e179d21625')}/channels","authentication":{"type":"Raw","value":"@json(decodeBase64(triggerOutputs().headers['X-MS-APIM-Tokens']))['$ConnectionKey']"}}},"Post_a_message_(V3)":{"runAfter":{"Create_a_channel":["Succeeded"]},"metadata":{"flowSystemMetadata":{"swaggerOperationId":"PostMessageToChannelV3"}},"type":"ApiConnection","inputs":{"host":{"connection":{"name":"@json(decodeBase64(triggerOutputs().headers['X-MS-APIM-Tokens']))['$connections']['shared_teams']['connectionId']"},"api":{"runtimeUrl":"https://india-001.azure-apim.net/apim/teams"}},"method":"post","body":{"body":{"content":"<p>Post Discussion about the Photo going to be uploaded. Let us know if this photo can be published on behalf of Windowstechpro.com</p>","contentType":"html"}},"path":"/v3/beta/teams/@{encodeURIComponent('547b6564-c006-4214-b48a-58e179d21625')}/channels/@{encodeURIComponent(body('Create_a_channel')?['id'])}/messages","authentication":{"type":"Raw","value":"@json(decodeBase64(triggerOutputs().headers['X-MS-APIM-Tokens']))['$ConnectionKey']"}}}},"outputs":{},"description":"Create one or more actions to happen when a button or link in PowerApps is selected. To use this flow from a PowerApp, select the control you want to trigger the flow and go to the Action tab in the PowerApps ribbon and select Flows."},"connectionReferences":{"shared_teams":{"connectionName":"shared-teams-b6395673-ee9c-4be0-9380-3a687494deec","source":"Invoker","id":"/providers/Microsoft.PowerApps/apis/shared_teams","tier":"NotSpecified"}},"flowFailureAlertSubscribed":false}}